{"test_f1_score":0.6354803799966584,"parameters/conv2.bias":{"values":[1,1,0,0,0,0,0,0,0,1,0,0,0,1,2,2,0,0,0,2,1,1,2,0,1,3,1,0,2,3,4,1,1,1,3,1,2,1,4,2,1,1,1,2,3,2,2,0,0,1,1,0,1,1,1,0,1,1,0,0,0,0,0,1],"bins":[-0.12262561917304993,-0.11874626576900482,-0.11486691981554031,-0.11098756641149521,-0.1071082130074501,-0.1032288670539856,-0.09934951364994049,-0.09547016024589539,-0.09159080684185028,-0.08771146088838577,-0.08383210748434067,-0.07995275408029556,-0.07607340812683105,-0.07219405472278595,-0.06831470131874084,-0.06443535536527634,-0.06055600196123123,-0.056676652282476425,-0.05279729887843132,-0.048917949199676514,-0.04503859579563141,-0.0411592461168766,-0.037279896438121796,-0.03340054303407669,-0.029521193355321884,-0.02564184181392193,-0.021762490272521973,-0.017883140593767166,-0.01400378905236721,-0.010124437510967255,-0.0062450869008898735,-0.002365735825151205,0.0015136152505874634,0.005392966326326132,0.0092723174020648,0.013151668012142181,0.017031019553542137,0.020910371094942093,0.0247897207736969,0.028669072315096855,0.03254842385649681,0.03642777353525162,0.04030712693929672,0.04418647661805153,0.048065826296806335,0.05194517970085144,0.05582452937960625,0.05970388278365135,0.06358323246240616,0.06746258586645126,0.07134193181991577,0.07522128522396088,0.07910063862800598,0.08297998458147049,0.0868593379855156,0.0907386913895607,0.09461803734302521,0.09849739074707031,0.10237674415111542,0.10625609755516052,0.11013544350862503,0.11401479691267014,0.11789415031671524,0.12177349627017975,0.12565284967422485],"_type":"histogram"},"test_accuracy":0.638996138996139,"parameters/conv1.weight":{"bins":[-0.2600971460342407,-0.2522829473018646,-0.24446871876716614,-0.23665452003479004,-0.22884030640125275,-0.22102609276771545,-0.21321189403533936,-0.20539768040180206,-0.19758346676826477,-0.18976925313472748,-0.18195503950119019,-0.1741408407688141,-0.1663266271352768,-0.1585124135017395,-0.1506982147693634,-0.1428840011358261,-0.13506978750228882,-0.12725557386875153,-0.11944136768579483,-0.11162716150283813,-0.10381294786930084,-0.09599873423576355,-0.08818452805280685,-0.08037032186985016,-0.07255610823631287,-0.06474189460277557,-0.05692768841981888,-0.049113478511571884,-0.04129926860332489,-0.033485058695077896,-0.025670848786830902,-0.017856638878583908,-0.01004241406917572,-0.002228204160928726,0.005586005747318268,0.013400215655565262,0.021214425563812256,0.02902863547205925,0.036842845380306244,0.04465705528855324,0.05247126519680023,0.060285475105047226,0.06809968501329422,0.07591389119625092,0.08372810482978821,0.0915423184633255,0.0993565246462822,0.10717073082923889,0.11498494446277618,0.12279915809631348,0.13061335682868958,0.13842757046222687,0.14624178409576416,0.15405599772930145,0.16187021136283875,0.16968441009521484,0.17749862372875214,0.18531283736228943,0.19312703609466553,0.20094124972820282,0.2087554633617401,0.2165696769952774,0.2243838906288147,0.2321980893611908,0.2400123029947281],"_type":"histogram","values":[2,0,0,0,2,6,2,8,9,12,5,12,22,16,19,16,19,14,22,15,17,16,21,17,22,25,17,14,13,22,18,10,20,20,16,19,26,17,16,15,15,12,17,16,12,10,14,19,19,20,13,12,13,17,21,14,18,12,7,7,6,4,2,2]},"parameters/conv2.weight":{"_type":"histogram","values":[5,1,5,4,4,3,5,10,13,20,21,28,50,56,94,97,136,179,199,278,373,458,563,596,689,794,799,722,834,862,791,818,746,825,817,810,737,757,653,632,606,466,408,304,277,206,161,142,111,64,54,44,24,24,17,11,8,5,3,3,2,2,3,3],"bins":[-0.19413599371910095,-0.18813225626945496,-0.18212850391864777,-0.17612476646900177,-0.17012101411819458,-0.16411727666854858,-0.1581135243177414,-0.1521097868680954,-0.1461060345172882,-0.1401022970676422,-0.13409855961799622,-0.12809480726718903,-0.12209106981754303,-0.11608732491731644,-0.11008358001708984,-0.10407983511686325,-0.09807609021663666,-0.09207234531641006,-0.08606860041618347,-0.08006485551595688,-0.07406111061573029,-0.06805737316608429,-0.0620536282658577,-0.056049883365631104,-0.05004613846540451,-0.04404239356517792,-0.038038648664951324,-0.03203490749001503,-0.026031162589788437,-0.020027417689561844,-0.0140236746519804,-0.008019930683076382,-0.0020161867141723633,0.003987557254731655,0.009991301223635674,0.015995044261217117,0.02199878916144371,0.028002534061670303,0.0340062752366066,0.04001002013683319,0.046013765037059784,0.05201750993728638,0.05802125483751297,0.06402499973773956,0.07002873718738556,0.07603248208761215,0.08203622698783875,0.08803997188806534,0.09404371678829193,0.10004746168851852,0.10605120658874512,0.11205495148897171,0.1180586963891983,0.1240624338388443,0.1300661861896515,0.13606992363929749,0.14207366108894348,0.14807741343975067,0.15408115088939667,0.16008490324020386,0.16608864068984985,0.17209239304065704,0.17809613049030304,0.18409988284111023,0.19010362029075623]},"_wandb":{"runtime":3},"parameters/conv3.weight":{"values":[1,0,0,0,0,0,2,0,0,0,1,2,1,5,3,6,10,20,23,51,78,136,201,324,466,719,1151,1795,3074,7038,8331,8534,8609,8658,8236,7483,4065,1841,1054,673,434,252,168,101,78,41,20,16,8,6,3,2,3,1,1,1,0,0,1,0,0,0,0,1],"bins":[-0.37578991055488586,-0.3644871413707733,-0.35318437218666077,-0.34188157320022583,-0.3305788040161133,-0.31927603483200073,-0.3079732656478882,-0.29667049646377563,-0.2853677272796631,-0.27406492829322815,-0.2627621591091156,-0.25145938992500305,-0.2401566207408905,-0.22885383665561676,-0.2175510674715042,-0.20624828338623047,-0.19494551420211792,-0.18364274501800537,-0.17233996093273163,-0.16103719174861908,-0.14973440766334534,-0.1384316384792328,-0.12712886929512024,-0.1158260926604271,-0.10452331602573395,-0.0932205393910408,-0.08191776275634766,-0.07061499357223511,-0.05931221693754196,-0.048009440302848816,-0.03670666739344597,-0.025403892621397972,-0.014101117849349976,-0.002798343077301979,0.008504431694746017,0.019807206466794014,0.03110998123884201,0.042412757873535156,0.053715530782938004,0.06501830369234085,0.076321080327034,0.08762385696172714,0.09892663359642029,0.11022940278053284,0.12153217941522598,0.13283495604991913,0.14413772523403168,0.15544050931930542,0.16674327850341797,0.17804604768753052,0.18934883177280426,0.2006516009569168,0.21195438504219055,0.2232571542263031,0.23455992341041565,0.2458627074956894,0.25716549158096313,0.2684682607650757,0.27977102994918823,0.2910737991333008,0.30237656831741333,0.3136793375015259,0.3249821364879608,0.33628490567207336,0.3475876748561859],"_type":"histogram"},"parameters/conv3.bias":{"_type":"histogram","values":[1,1,2,2,3,1,0,2,4,5,1,2,9,4,6,5,1,3,4,5,8,4,5,4,0,2,4,2,4,5,4,2,2,2,3,4,1,1,0,1,2,1,0,1,0,1,0,0,0,0,0,1,0,1,1,0,0,0,0,0,0,0,0,1],"bins":[-0.07841432839632034,-0.07509029656648636,-0.07176625728607178,-0.06844222545623779,-0.06511819362640381,-0.06179415434598923,-0.05847012251615524,-0.05514608696103096,-0.05182205140590668,-0.048498015850782394,-0.04517398029565811,-0.04184994846582413,-0.038525912910699844,-0.03520187735557556,-0.03187784552574158,-0.028553809970617294,-0.02522977441549301,-0.02190573886036873,-0.018581705167889595,-0.015257670544087887,-0.011933635920286179,-0.00860960129648447,-0.005285566672682762,-0.001961532048881054,0.0013625025749206543,0.0046865371987223625,0.00801057182252407,0.011334606446325779,0.014658641070127487,0.01798267662525177,0.021306710317730904,0.024630744010210037,0.027954772114753723,0.031278807669878006,0.03460284322500229,0.03792687505483627,0.041250910609960556,0.04457494616508484,0.04789897799491882,0.051223013550043106,0.05454704910516739,0.05787108466029167,0.061195120215415955,0.06451915204524994,0.06784318387508392,0.0711672231554985,0.07449125498533249,0.07781529426574707,0.08113932609558105,0.08446335792541504,0.08778739720582962,0.0911114290356636,0.09443546831607819,0.09775950014591217,0.10108353197574615,0.10440757125616074,0.10773160308599472,0.1110556349158287,0.11437967419624329,0.11770370602607727,0.12102773785591125,0.12435177713632584,0.12767581641674042,0.1309998482465744,0.1343238800764084]},"parameters/fc.weight":{"_type":"histogram",