{"_runtime":1,"confusion_matrix":[[75,5,6,3,5,1,2,1,4,1],[11,63,4,2,5,4,3,7,9,2],[9,5,107,4,4,4,10,1,5,2],[0,0,1,71,18,2,1,3,2,5],[0,4,4,13,81,4,5,4,7,6],[3,6,12,4,3,62,3,13,15,5],[1,2,4,2,8,7,112,3,4,1],[3,4,0,2,0,5,1,85,13,4],[5,5,6,0,3,19,9,25,85,4],[0,1,2,13,15,3,2,9,3,100]],"parameters/fc.weight":{"_type":"histogram","values":[1,0,1,0,0,0,0,2,1,3,1,3,7,11,11,8,20,19,37,48,83,115,128,171,256,367,472,679,929,1250,1671,2344,3101,4203,5676,7386,9593,13636,32304,58658,50388,19785,10513,8019,5727,4166,2876,2158,1391,916,605,406,282,168,118,74,40,28,8,7,7,1,1,1],"bins":[-0.283939003944397,-0.2767716646194458,-0.26960429549217224,-0.26243695616722107,-0.2552695870399475,-0.24810224771499634,-0.24093489348888397,-0.2337675392627716,-0.22660018503665924,-0.21943283081054688,-0.2122654765844345,-0.20509812235832214,-0.19793078303337097,-0.1907634288072586,-0.18359607458114624,-0.17642872035503387,-0.1692613661289215,-0.16209401190280914,-0.15492665767669678,-0.1477593034505844,-0.14059194922447205,-0.13342460989952087,-0.1262572556734085,-0.11908990144729614,-0.11192254722118378,-0.10475519299507141,-0.09758783876895905,-0.09042049199342728,-0.08325313776731491,-0.07608578354120255,-0.06891843676567078,-0.06175108253955841,-0.054583728313446045,-0.04741637408733368,-0.04024902358651161,-0.033081673085689545,-0.02591431885957718,-0.018746966496109962,-0.011579614132642746,-0.0044122617691755295,0.002755090594291687,0.009922442957758904,0.01708979532122612,0.024257147684693336,0.03142450004816055,0.03859185427427292,0.045759204775094986,0.05292655527591705,0.06009390950202942,0.06726126372814178,0.07442861795425415,0.08159596472978592,0.08876331895589828,0.09593067318201065,0.10309801995754242,0.11026537418365479,0.11743272840976715,0.12460008263587952,0.13176743686199188,0.13893479108810425,0.14610213041305542,0.15326948463916779,0.16043683886528015,0.16760419309139252,0.17477154731750488]},"test_accuracy":0.65143299767622,"parameters/conv1.weight":{"values":[1,0,1,1,1,2,5,3,9,12,14,14,19,20,20,13,18,7,15,23,15,12,16,19,13,9,15,15,20,18,11,11,16,15,20,22,22,25,19,17,18,18,18,21,21,18,12,17,17,18,14,11,16,15,21,16,18,19,11,3,5,5,3,1],"bins":[-0.27320078015327454,-0.265146940946579,-0.2570931315422058,-0.24903929233551025,-0.2409854680299759,-0.23293162882328033,-0.22487780451774597,-0.2168239802122116,-0.20877015590667725,-0.2007163166999817,-0.19266249239444733,-0.18460866808891296,-0.1765548288822174,-0.16850100457668304,-0.16044718027114868,-0.15239334106445312,-0.14433951675891876,-0.1362856924533844,-0.12823185324668884,-0.12017802894115448,-0.11212420463562012,-0.10407037287950516,-0.0960165411233902,-0.08796271681785583,-0.07990888506174088,-0.07185505330562592,-0.06380122900009155,-0.05574739724397659,-0.04769356921315193,-0.03963974118232727,-0.03158590942621231,-0.02353208139538765,-0.015478238463401794,-0.0074244095012545586,0.0006294194608926773,0.008683248423039913,0.01673707738518715,0.02479090541601181,0.03284473717212677,0.04089856520295143,0.04895239323377609,0.057006221264600754,0.06506004929542542,0.07311388105154037,0.08116771280765533,0.0892215371131897,0.09727536886930466,0.10532919317483902,0.11338302493095398,0.12143685668706894,0.1294906884431839,0.13754451274871826,0.14559833705425262,0.15365217626094818,0.16170600056648254,0.1697598248720169,0.17781364917755127,0.18586748838424683,0.1939213126897812,0.20197513699531555,0.2100289762020111,0.21808280050754547,0.22613662481307983,0.2341904640197754,0.24224428832530975],"_type":"histogram"},"parameters/conv3.bias":{"bins":[-0.07905472069978714,-0.07626213878393173,-0.07346956431865692,-0.07067698240280151,-0.0678844004869461,-0.0650918260216713,-0.06229924410581589,-0.05950666591525078,-0.05671408772468567,-0.05392150580883026,-0.05112892761826515,-0.04833634942770004,-0.045543767511844635,-0.042751189321279526,-0.039958611130714417,-0.03716602921485901,-0.0343734510242939,-0.03158087283372879,-0.028788292780518532,-0.025995712727308273,-0.023203134536743164,-0.020410554483532906,-0.017617974430322647,-0.014825395308434963,-0.01203281618654728,-0.009240237064659595,-0.006447657477110624,-0.003655078122392297,-0.0008624987676739693,0.0019300805870443583,0.004722659941762686,0.007515239529311657,0.01030781865119934,0.013100397773087025,0.01589297689497471,0.018685556948184967,0.021478135138750076,0.024270715191960335,0.027063295245170593,0.029855873435735703,0.03264845162630081,0.03544103354215622,0.03823361173272133,0.04102618992328644,0.043818771839141846,0.046611350029706955,0.049403928220272064,0.05219651013612747,0.05498908832669258,0.05778166651725769,0.0605742484331131,0.06336682289838791,0.06615940481424332,0.06895198673009872,0.07174456119537354,0.07453714311122894,0.07732972502708435,0.08012229949235916,0.08291488140821457,0.08570746332406998,0.08850003778934479,0.0912926197052002,0.0940852016210556,0.09687777608633041,0.09967035800218582],"_type":"histogram","values":[1,0,1,0,0,0,1,2,2,0,2,5,3,4,2,1,4,4,1,6,5,5,2,3,4,3,5,3,4,1,3,2,1,5,5,5,2,6,5,2,3,2,0,1,2,3,1,0,1,2,0,0,0,0,1,0,0,0,0,1,0,0,0,1]},"_step":0,"_wandb":{"runtime":1},"test_f1_score":0.6507576542252986,"_timestamp":1.7598943462530816e+09,"parameters/conv3.weight":{"values":[1,2,2,4,2,3,6,9,14,16,27,43,49,78,93,117,143,204,269,353,487,626,823,1077,1403,2175,4586,5134,5473,5421,5620,5555,5756,5527,5415,5064,4676,2580,1270,862,746,494,398,287,234,147,133,80,66,39,34,23,23,12,19,10,8,4,1,2,1,1,0,1],"bins":[-0.2379561960697174,-0.23064488172531128,-0.22333356738090515,-0.21602223813533783,-0.2087109237909317,-0.20139960944652557,-0.19408829510211945,-0.18677698075771332,-0.179465651512146,-0.17215433716773987,-0.16484302282333374,-0.1575317084789276,-0.15022039413452148,-0.14290907979011536,-0.13559775054454803,-0.1282864362001419,-0.12097512185573578,-0.11366380751132965,-0.10635248571634293,-0.0990411713719368,-0.09172984957695007,-0.08441853523254395,-0.07710722088813782,-0.06979589909315109,-0.062484584748744965,-0.05517326667904854,-0.04786194860935211,-0.040550634264945984,-0.03323931619524956,-0.02592799812555313,-0.018616681918501854,-0.011305364780128002,-0.003994062542915344,0.0033172545954585075,0.01062857173383236,0.017939887940883636,0.025251206010580063,0.03256252408027649,0.03987383842468262,0.047185156494379044,0.05449647456407547,0.061807792633771896,0.06911911070346832,0.07643042504787445,0.08374173939228058,0.0910530611872673,0.09836437553167343,0.10567569732666016,0.11298701167106628,0.12029832601547241,0.12760964035987854,0.13492096960544586,0.142232283949852,0.14954359829425812,0.15685491263866425,0.16416622698307037,0.1714775562286377,0.17878887057304382,0.18610018491744995,0.19341149926185608,0.2007228136062622,0.20803412795066833,0.21534545719623566,0.22265677154064178,0.2299680858850479],"_type":"histogram"},"parameters/conv2.bias":{"_type":"histogram","values":[1,0,0,0,2,0,0,1,1,0,0,0,3,0,2,1,0,2,2,0,1,1,3,1,0,1,2,1,3,3,2,1,1,2,2,2,0,2,3,0,1,0,2,1,0,1,0,2,3,0,0,0,0,1,0,3,0,1,0,1,1,0,0,1],