{"test_f1_score":0.6713363323811001,"parameters/conv2.weight":{"_type":"histogram","values":[1,1,1,1,0,1,0,5,2,2,3,4,9,10,12,20,23,31,48,69,76,150,180,264,418,591,797,839,1003,1002,1067,1061,1081,1081,1026,1099,1037,1010,962,861,709,555,418,302,196,141,100,62,41,21,9,10,3,4,3,5,1,2,0,1,0,0,0,1],"bins":[-0.26462894678115845,-0.25684207677841187,-0.24905520677566528,-0.2412683218717575,-0.23348145186901093,-0.22569458186626434,-0.21790771186351776,-0.21012084186077118,-0.2023339569568634,-0.19454708695411682,-0.18676021695137024,-0.17897334694862366,-0.17118647694587708,-0.1633996069431305,-0.15561272203922272,-0.14782585203647614,-0.14003898203372955,-0.13225211203098297,-0.12446523457765579,-0.11667836457490921,-0.10889148712158203,-0.10110461711883545,-0.09331774711608887,-0.08553086966276169,-0.0777439996600151,-0.06995712965726852,-0.062170252203941345,-0.05438338220119476,-0.04659650847315788,-0.038809634745121,-0.03102276287972927,-0.02323589101433754,-0.015449002385139465,-0.0076621295884251595,0.00012474320828914642,0.007911616005003452,0.015698488801717758,0.02348536252975464,0.03127223253250122,0.0390591062605381,0.04684597998857498,0.05463285371661186,0.06241972744464874,0.07020659744739532,0.0779934674501419,0.08578034490346909,0.09356721490621567,0.10135409235954285,0.10914096236228943,0.11692783236503601,0.12471470981836319,0.13250158727169037,0.14028845727443695,0.14807532727718353,0.15586219727993011,0.1636490672826767,0.17143595218658447,0.17922282218933105,0.18700969219207764,0.19479656219482422,0.2025834321975708,0.21037030220031738,0.21815718710422516,0.22594405710697174,0.23373092710971832]},"confusion_matrix":[[159,11,7,4,5,2,3,10,4,1],[35,137,8,5,3,11,5,3,11,4],[10,7,234,3,8,13,5,6,13,5],[2,1,8,137,36,3,7,2,4,6],[3,1,9,39,168,9,2,2,12,11],[8,5,20,8,13,124,11,10,42,12],[5,7,10,2,1,10,218,11,23,1],[4,7,2,1,5,8,2,162,41,4],[6,10,11,5,9,22,11,29,207,13],[5,3,11,19,26,6,8,9,16,193]],"parameters/conv3.weight":{"bins":[-0.22343409061431885,-0.21646392345428467,-0.2094937413930893,-0.20252357423305511,-0.19555340707302094,-0.18858322501182556,-0.18161305785179138,-0.1746428906917572,-0.16767272353172302,-0.16070254147052765,-0.15373237431049347,-0.1467622071504593,-0.13979202508926392,-0.13282185792922974,-0.12585169076919556,-0.11888151615858078,-0.111911341547966,-0.10494116693735123,-0.09797099977731705,-0.09100082516670227,-0.08403065800666809,-0.07706048339605331,-0.07009030878543854,-0.06312014162540436,-0.05614996701478958,-0.0491797961294651,-0.042209625244140625,-0.03523945063352585,-0.02826927974820137,-0.021299108862876892,-0.014328936114907265,-0.007358764298260212,-0.00038860738277435303,0.0065815644338727,0.013551736250519753,0.02052190899848938,0.027492079883813858,0.034462250769138336,0.04143242537975311,0.04840259626507759,0.05537276715040207,0.06234293803572655,0.06931310892105103,0.0762832835316658,0.08325345814228058,0.09022362530231476,0.09719379991292953,0.10416396707296371,0.11113414168357849,0.11810431629419327,0.12507449090480804,0.13204465806484222,0.1390148252248764,0.14598500728607178,0.15295517444610596,0.15992534160614014,0.16689550876617432,0.1738656908273697,0.18083585798740387,0.18780602514743805,0.19477620720863342,0.2017463743686676,0.20871654152870178,0.21568672358989716,0.22265689074993134],"_type":"histogram","values":[1,3,3,3,6,3,13,20,16,19,32,46,66,79,121,159,247,310,407,615,710,920,1179,1507,2081,3658,4457,4814,4992,5110,5182,5155,5106,4933,4782,4534,3977,2379,1731,1185,913,691,479,308,239,135,112,83,46,41,24,18,28,9,12,8,2,4,6,2,4,2,0,1]},"_runtime":3,"_step":0,"parameters/conv2.bias":{"_type":"histogram","values":[3,0,0,0,2,1,3,0,0,0,1,0,2,2,1,1,1,0,2,0,1,1,1,2,1,1,3,2,1,1,2,0,2,3,0,1,2,1,0,1,3,0,1,1,3,0,1,2,1,1,0,2,0,1,1,0,0,0,0,0,0,0,1,1],"bins":[-0.08931481093168259,-0.08609087765216827,-0.08286693692207336,-0.07964300364255905,-0.07641906291246414,-0.07319512963294983,-0.06997118890285492,-0.0667472556233406,-0.0635233223438263,-0.060299381613731384,-0.05707544460892677,-0.05385150760412216,-0.05062757432460785,-0.04740363731980324,-0.04417970031499863,-0.040955763310194016,-0.037731826305389404,-0.03450788930058479,-0.03128395229578018,-0.02806001715362072,-0.02483608014881611,-0.021612143144011497,-0.018388208001852036,-0.015164270997047424,-0.011940333992242813,-0.008716396987438202,-0.005492460913956165,-0.0022685243748128414,0.0009554121643304825,0.004179348703473806,0.00740328524261713,0.010627221316099167,0.013851165771484375,0.017075102776288986,0.020299039781093597,0.02352297492325306,0.02674691192805767,0.029970848932862282,0.033194784075021744,0.036418721079826355,0.039642658084630966,0.04286659508943558,0.04609053209424019,0.0493144690990448,0.05253840237855911,0.055762339383363724,0.058986276388168335,0.062210213392972946,0.06543415039777756,0.06865808367729187,0.07188202440738678,0.07510595768690109,0.078329898416996,0.08155383169651031,0.08477777242660522,0.08800170570611954,0.09122563898563385,0.09444957971572876,0.09767351299524307,0.10089745372533798,0.1041213870048523,0.1073453277349472,0.11056926101446152,0.11379320174455643,0.11701713502407074]},"_timestamp":1.7598555605558429e+09,"test_accuracy":0.6714285714285714,"parameters/conv1.bias":{"bins":[-0.2538824677467346,-0.24653398990631104,-0.23918552696704865,-0.23183704912662506,-0.22448857128620148,-0.2171401083469391,-0.2097916305065155,-0.20244315266609192,-0.19509467482566833,-0.18774621188640594,-0.18039773404598236,-0.17304925620555878,-0.1657007932662964,-0.1583523154258728,-0.15100383758544922,-0.14365537464618683,-0.13630689680576324,-0.12895841896533966,-0.12160994857549667,-0.11426147818565369,-0.1069130003452301,-0.09956452995538712,-0.09221605956554413,-0.08486758172512054,-0.07751911133527756,-0.07017064094543457,-0.06282216310501099,-0.055473692715168,-0.048125218600034714,-0.04077674448490143,-0.03342827409505844,-0.026079799979925156,-0.018731310963630676,-0.011382837779819965,-0.0040343645960092545,0.0033141085878014565,0.010662581771612167,0.018011055886745453,0.02535952813923359,0.032708000391721725,0.04005647450685501,0.047404948621988297,0.05475342273712158,0.06210189312696457,0.06945036351680756,0.07679884135723114,0.08414731174707413,0.09149578958749771,0.0988442599773407,0.10619273036718369,0.11354120820760727,0.12088967859745026,0.12823815643787384,0.13558661937713623,0.14293509721755981,0.1502835750579834,0.15763205289840698,0.16498051583766937,0.17232899367809296,0.17967747151851654,0.18702593445777893,0.19437441229820251,0.2017228901386261,0.2090713530778885,0.21641983091831207],"_type":"histogram","values":[1,0,0,2,1,0,0,1,0,1,0,0,0,2,2,1,0,0,0,1,0,0,1,0,0,1,0,2,1,0,1,0,0,1,0,0,0,0,1,0,0,0,0,0,2,1,0,0,0,0,1,1,0,0,0,1,4,0,0,0,1,0,0,1]},"parameters/fc.weight":{"values":[1,0,1,3,3,0,2,5,13,11,12,17,15,26,53,58,84,132,224,265,380,600,869,1101,1534,2143,3022,4277,5847,7901,10225,13180,18982,35859,48100,34066,17526,12514,9499,7124,5000,3478,2361,1587,1032,664,426,265,152,77,55,36,29,21,8,10,1,1,1,0,0,0,1,1],