{"parameters/conv1.bias":{"_type":"histogram","values":[1,1,0,1,0,0,0,0,0,0,1,0,0,0,1,0,0,0,0,1,1,3,0,0,0,1,0,2,0,0,2,0,0,2,1,0,0,2,2,0,0,1,0,0,0,0,0,0,1,0,0,0,1,0,0,0,2,1,0,0,0,1,0,3],"bins":[-0.23409685492515564,-0.22775380313396454,-0.22141076624393463,-0.21506771445274353,-0.20872467756271362,-0.20238162577152252,-0.19603858888149261,-0.1896955370903015,-0.1833525002002716,-0.1770094484090805,-0.1706663966178894,-0.1643233597278595,-0.1579803079366684,-0.1516372710466385,-0.1452942192554474,-0.13895118236541748,-0.13260813057422638,-0.12626507878303528,-0.11992204189300537,-0.11357899755239487,-0.10723595321178436,-0.10089290142059326,-0.09454985707998276,-0.08820681273937225,-0.08186376839876175,-0.07552072405815125,-0.06917767971754074,-0.06283463537693024,-0.056491587311029434,-0.05014854297041893,-0.04380549490451813,-0.03746245056390762,-0.031119391322135925,-0.02477634698152542,-0.018433300778269768,-0.012090255506336689,-0.00574721023440361,0.0005958350375294685,0.006938880309462547,0.013281925581395626,0.019624970853328705,0.02596801519393921,0.03231105953454971,0.038654107600450516,0.04499715194106102,0.051340196281671524,0.05768324434757233,0.06402628868818283,0.07036933302879333,0.07671237736940384,0.08305542171001434,0.08939846605062485,0.09574151039123535,0.10208456218242645,0.10842760652303696,0.11477065086364746,0.12111369520425797,0.12745673954486847,0.13379979133605957,0.14014282822608948,0.14648588001728058,0.15282891690731049,0.1591719686985016,0.1655150055885315,0.1718580573797226]},"parameters/fc.weight":{"bins":[-0.27831554412841797,-0.27102962136268616,-0.26374372839927673,-0.2564578056335449,-0.2491719126701355,-0.24188600480556488,-0.23460009694099426,-0.22731418907642365,-0.22002828121185303,-0.21274235844612122,-0.2054564505815506,-0.19817054271697998,-0.19088463485240936,-0.18359872698783875,-0.17631281912326813,-0.1690269112586975,-0.1617410033941269,-0.15445509552955627,-0.14716918766498566,-0.13988327980041504,-0.13259737193584442,-0.1253114640712738,-0.11802554875612259,-0.11073964089155197,-0.10345373302698135,-0.09616782516241074,-0.08888191729784012,-0.0815960094332695,-0.07431009411811829,-0.06702418625354767,-0.05973827838897705,-0.05245237052440643,-0.04516647756099701,-0.03788056969642639,-0.030594659969210625,-0.023308750241994858,-0.01602284237742424,-0.008736933581531048,-0.0014510247856378555,0.005834884010255337,0.013120792806148529,0.020406700670719147,0.027692610397934914,0.03497852012515068,0.0422644279897213,0.049550335854291916,0.05683624744415283,0.06412215530872345,0.07140806317329407,0.07869397103786469,0.0859798789024353,0.09326578676700592,0.10055169463157654,0.10783760994672775,0.11512351781129837,0.12240942567586899,0.129695326089859,0.13698124885559082,0.14426715672016144,0.15155306458473206,0.15883897244930267,0.1661248803138733,0.1734107881784439,0.18069669604301453,0.18798260390758514],"_type":"histogram","values":[1,1,0,0,0,1,0,1,0,3,2,4,3,6,12,23,23,36,66,60,112,164,181,288,431,587,754,1140,1616,2189,3109,4387,5952,8204,10837,14292,23634,42647,47130,28418,15631,11551,8748,6244,4155,2826,1928,1264,802,527,336,206,117,99,45,40,20,11,5,4,2,4,0,1]},"parameters/conv3.weight":{"_type":"histogram","values":[2,0,1,2,3,3,5,11,12,24,35,58,79,98,151,239,321,423,548,775,996,1384,1901,2869,4951,5796,6029,6319,6360,6462,6123,5911,5435,3734,2142,1477,983,701,437,295,209,126,84,84,40,26,19,14,11,3,6,2,1,1,1,2,2,0,1,0,0,0,0,1],"bins":[-0.25910401344299316,-0.25033050775527954,-0.24155700206756592,-0.2327834963798523,-0.22400999069213867,-0.21523647010326385,-0.20646296441555023,-0.1976894587278366,-0.18891595304012299,-0.18014244735240936,-0.17136894166469574,-0.16259543597698212,-0.1538219153881073,-0.14504840970039368,-0.13627490401268005,-0.12750139832496643,-0.11872789263725281,-0.10995438694953918,-0.10118088126182556,-0.09240736812353134,-0.08363386243581772,-0.0748603567481041,-0.06608684360980988,-0.05731333792209625,-0.04853983223438263,-0.039766326546669006,-0.030992817133665085,-0.022219309583306313,-0.01344580203294754,-0.004672294482588768,0.004101213067770004,0.012874720618128777,0.02164819836616516,0.030421705916523933,0.039195213466882706,0.04796872287988663,0.05674222856760025,0.06551573425531387,0.0742892473936081,0.08306275308132172,0.09183625876903534,0.10060976445674896,0.10938327014446259,0.1181567832827568,0.12693029642105103,0.13570380210876465,0.14447730779647827,0.1532508134841919,0.16202431917190552,0.17079782485961914,0.17957133054733276,0.1883448362350464,0.19711834192276,0.20589186251163483,0.21466536819934845,0.22343887388706207,0.2322123795747757,0.24098588526248932,0.24975939095020294,0.25853291153907776,0.2673064172267914,0.276079922914505,0.28485342860221863,0.29362693428993225,0.3024004399776459]},"_step":0,"parameters/conv3.bias":{"bins":[-0.07168164104223251,-0.06903016567230225,-0.06637869775295258,-0.06372722238302231,-0.06107575446367264,-0.05842428281903267,-0.0557728111743927,-0.05312133952975273,-0.05046986788511276,-0.047818392515182495,-0.045166920870542526,-0.04251544922590256,-0.03986397758126259,-0.03721250593662262,-0.03456103429198265,-0.03190956264734268,-0.029258091002702713,-0.026606619358062744,-0.023955147713422775,-0.021303676068782806,-0.018652204424142838,-0.01600073091685772,-0.01334925927221775,-0.010697787627577782,-0.008046315982937813,-0.005394844338297844,-0.0027433722279965878,-9.190035052597523e-05,0.0025595715269446373,0.005211043171584606,0.00786251574754715,0.010513987392187119,0.013165459036827087,0.015816930681467056,0.018468402326107025,0.021119873970746994,0.023771345615386963,0.02642281912267208,0.02907429076731205,0.03172576054930687,0.03437723219394684,0.037028707563877106,0.039680179208517075,0.04233165085315704,0.04498312249779701,0.04763459414243698,0.05028606578707695,0.05293753743171692,0.05558900907635689,0.05824048072099686,0.060891952365636826,0.0635434240102768,0.06619489938020706,0.06884636729955673,0.071497842669487,0.07414931058883667,0.07680078595876694,0.07945225387811661,0.08210372924804688,0.08475519716739655,0.08740667253732681,0.09005814045667648,0.09270961582660675,0.09536108374595642,0.09801255911588669],"_type":"histogram","values":[1,1,0,1,0,2,5,0,0,4,1,2,2,1,4,3,2,6,1,7,5,3,5,5,3,5,6,3,2,2,5,5,4,3,0,0,3,1,1,2,4,0,0,1,0,0,2,1,1,1,1,1,1,2,1,1,0,0,3,0,1,0,0,1]},"_timestamp":1.7598980822190397e+09,"_wandb":{"runtime":2},"parameters/conv1.weight":{"values":[1,2,2,1,14,10,9,9,14,20,11,15,14,21,13,17,18,19,13,16,16,21,16,15,20,11,13,21,8,21,18,17,18,14,21,16,18,8,17,16,12,18,10,10,12,21,21,13,16,12,11,23,17,16,27,13,17,9,7,5,3,1,4,2],"bins":[-0.23684395849704742,-0.22938336431980133,-0.22192277014255524,-0.21446217596530914,-0.20700158178806305,-0.19954098761081696,-0.19208039343357086,-0.18461979925632477,-0.17715920507907867,-0.16969861090183258,-0.1622380167245865,-0.1547774225473404,-0.1473168283700943,-0.1398562341928482,-0.1323956400156021,-0.12493504583835602,-0.11747445166110992,-0.11001385748386383,-0.10255326330661774,-0.09509266912937164,-0.08763207495212555,-0.08017148077487946,-0.07271088659763336,-0.06525029242038727,-0.057789698243141174,-0.05032910406589508,-0.04286850988864899,-0.03540791571140289,-0.0279473215341568,-0.020486727356910706,-0.013026133179664612,-0.005565539002418518,0.0018950700759887695,0.009355664253234863,0.016816258430480957,0.02427685260772705,0.031737446784973145,0.03919804096221924,0.04665863513946533,0.054119229316711426,0.06157982349395752,0.06904041767120361,0.07650101184844971,0.0839616060256958,0.0914222002029419,0.09888279438018799,0.10634338855743408,0.11380398273468018,0.12126457691192627,0.12872517108917236,0.13618576526641846,0.14364635944366455,0.15110695362091064,0.15856754779815674,0.16602814197540283,0.17348873615264893,0.18094933032989502,0.1884099245071411,0.1958705186843872,0.2033311128616333,0.2107917070388794,0.2182523012161255,0.22571289539337158,0.23317348957061768,0.24063408374786377],"_type":"histogram"},